<?xml version="1.0" encoding="UTF-8"?>
<beans xmlns="http://www.springframework.org/schema/beans"
	xmlns:xsi="http://www.w3.org/2001/XMLSchema-instance"
	xmlns:context="http://www.springframework.org/schema/context"
	xmlns:mvc="http://www.springframework.org/schema/mvc"
	xmlns:tx="http://www.springframework.org/schema/tx"
	xmlns:aop="http://www.springframework.org/schema/aop"
	xsi:schemaLocation="  
        http://www.springframework.org/schema/beans  
        http://www.springframework.org/schema/beans/spring-beans-3.1.xsd
    	http://www.springframework.org/schema/aop
    	http://www.springframework.org/schema/aop/spring-aop-3.1.xsd  
        http://www.springframework.org/schema/context  
        http://www.springframework.org/schema/context/spring-context.xsd  
        http://www.springframework.org/schema/mvc
        http://www.springframework.org/schema/mvc/spring-mvc.xsd">


	<context:component-scan
		base-package="com.B.week12.MVC.controller"></context:component-scan>

	<bean
		class="org.springframework.web.servlet.view.InternalResourceViewResolver">

		<property name="prefix" value="/jsp/"></property>
		<property name="suffix" value=".jsp"></property>
	</bean>

	<bean id="ds"
		class="org.springframework.jdbc.datasource.DriverManagerDataSource">
		<property name="driverClassName"
			value="com.mysql.cj.jdbc.Driver"></property>
		<property name="url"
			value="jdbc:mysql://localhost:3306/week12"></property>
		<property name="username" value="root"></property>
		<property name="password" value="root"></property>
	</bean>

	<bean id="jt" class="org.springframework.jdbc.core.JdbcTemplate">
		<property name="dataSource" ref="ds"></property>
	</bean>

	<bean id="iUserService"
		class="com.B.week12.MVC.service.UserService" />
	<bean id="iUserDao" class="com.B.week12.MVC.dao.UserDao" />

	<bean id="iAccountService"
		class="com.B.week12.MVC.service.AccountService" />
	<bean id="iAccountDao" class="com.B.week12.MVC.dao.AccountDao" />
	<!-- <bean id="constants" class="com.B.week12.MVC.model.Constants"/> -->



	<mvc:annotation-driven />
	<mvc:resources mapping="/resources/**"
		location="/resources/" />


</beans>  